ExternalSitesDetailsID,ExternalSitesHeaderID,Link
1,1,https://www.facebook.com/Interstellarmovie
2,2,https://twitter.com/Interstellar
3,3,http://www.imdb.com/title/tt0816692/mediaindex?ref_=tt_ov_mi_sm
4,4,http://www.imdb.com/title/tt0816692/videogallery?ref_=tt_ov_vi_sm
5,5,https://www.facebook.com/TitanicMovie
6,6,https://twitter.com/BvsSjp
7,7,http://www.imdb.com/title/tt0120338/mediaindex?ref_=tt_ov_mi_sm
8,8,http://www.imdb.com/title/tt0120338/videogallery?ref_=tt_ov_vi_sm
9,9,https://www.facebook.com/batmanvsuperman
10,10,https://twitter.com/BvsSjp
11,11,http://www.imdb.com/title/tt2975590/mediaindex?ref_=tt_pv_mi_sm
12,11,http://www.imdb.com/title/tt2975590/videogallery?ref_=tt_pv_vi_sm
13,12,https://www.facebook.com/Interstellarmovie
14,13,https://twitter.com/Interstellar
15,13,http://www.imdb.com/title/tt0816692/mediaindex?ref_=tt_ov_mi_sm
16,14,http://www.imdb.com/title/tt0816692/videogallery?ref_=tt_ov_vi_sm
17,15,https://www.facebook.com/TitanicMovie
18,16,https://twitter.com/BvsSjp
19,17,http://www.imdb.com/title/tt0120338/mediaindex?ref_=tt_ov_mi_sm
20,18,http://www.imdb.com/title/tt0120338/videogallery?ref_=tt_ov_vi_sm
21,19,https://www.facebook.com/batmanvsuperman
22,20,https://twitter.com/BvsSjp
23,21,http://www.imdb.com/title/tt2975590/mediaindex?ref_=tt_pv_mi_sm
24,22,http://www.imdb.com/title/tt2975590/videogallery?ref_=tt_pv_vi_sm
25,23,https://www.facebook.com/batmanvsuperman
26,24,https://twitter.com/BvsSjp
27,25,http://www.imdb.com/title/tt2975590/mediaindex?ref_=tt_pv_mi_sm
28,26,http://www.imdb.com/title/tt2975590/videogallery?ref_=tt_pv_vi_sm
29,27,http://www.imdb.com/title/tt0816692/mediaindex?ref_=tt_ov_mi_sm
30,28,http://www.imdb.com/title/tt0816692/videogallery?ref_=tt_ov_vi_sm
