ProdHouseID,PHName,PhoneNumber,PHEmailID
1,WaterGate Productions,9263354683,wate.s@gmail.com
2,Half Moon Entertainment,9296104740,half.t@gmail.com
3,Looking Glass Studios,9818997378,look.s@gmail.com
4,Spinning Wheel Studios,9753271922,spin.s@gmail.com
5,Continuum Films,9548558024,cont.s@gmail.com
6,Green Fuzz Productions,9218728223,gree.s@gmail.com
7,Off the Spectrum Productions,9615943434,off .s@gmail.com
8,Fly on the Wall Films,8963592422,fly .s@gmail.com
9,Pendulum Film Company,9594719809,pend.y@gmail.com
10,Sweet Kiss Studios,9454093843,swee.s@gmail.com
11,Sandstone Films,9734546614,sand.s@gmail.com
12,Offspring Entertainment,9444490026,offs.t@gmail.com
13,Horror House Entertainment,9032417651,horr.t@gmail.com
14,Solar Superstorm Productions,9298266830,sola.s@gmail.com
15,DNA Productions,9087635398,dna .s@gmail.com
16,Eclipse Animation Studio,9459165792,ecli.o@gmail.com
17,ThirdEye Pictures,9711692072,thir.s@gmail.com
18,Caveman Animations,9331127899,cave.s@gmail.com
19,Giggle Animation Studio,9619491827,gigg.o@gmail.com
20,Tweaked Films,9386531912,twea.s@gmail.com
21,Mind's Eye Productions,9025591613,mind.s@gmail.com
22,Brain Stew Entertainment,9336361912,brai.t@gmail.com
23,Vapor Film Company,8897083716,vapo.y@gmail.com
24,Black Hole Studios,8937147395,blac.s@gmail.com
25,Stillwater Studios,9791704755,stil.s@gmail.com
26,Stardust Films,9563356954,star.s@gmail.com
27,Rocking Horse Productions,9596731223,rock.s@gmail.com
28,Sugar Beet Animations,9274347991,suga.s@gmail.com
29,Acid Rain Films,9357094632,acid.s@gmail.com
30,Driftwood Films,9023896061,drif.s@gmail.com
31,Enclave Productions,9968167094,encl.s@gmail.com
32,The Standard Film Company,9939627017,the .y@gmail.com
33,Spin City Films,8896783981,spin.s@gmail.com
34,Sundays Entertainment,9529219344,sund.t@gmail.com
35,Watermark Studios,9966966091,wate.s@gmail.com
36,Apple Tree Productions,8962659191,appl.s@gmail.com
37,Pyramid Films,9297127765,pyra.s@gmail.com
38,Hot Air Balloon Films,9367057007,hot .s@gmail.com
39,Holy Grail Entertainment,8904586464,holy.t@gmail.com
40,Saucey Studios,9607895057,sauc.s@gmail.com
