TheatreID,TheatreName,AddressLine,City,State,Country
1,Jolie Blose,yfhvtxytimmecxi,New York,New York,USA
2,Shamika Rabalais,dfvpgvtagogwmfc,Los Angeles,California,USA
3,Carlota Creason,noveljvryzvoaxu,Chicago,Illinois,USA
4,Otha Mccroskey,dxcnmfswwhkpbhi,Houston,Texas,USA
5,Juliane Brasil,kenorqnbxrwhbtl,Philadelphia,Pennsylvania,USA
6,Particia Lattimore,gtvwfcxcavfszim,Phoenix,Arizona,USA
7,Shanel Nethery,aheyvmswawtjtej,San Antonio,Texas,USA
8,Soraya Blunk,kjnixqurredatwz,San Diego,California,USA
9,Alesia Ebersole,okzkctptzopkwbt,Dallas,Texas,USA
10,Janyce Kofoed,llczfqkgbcraspu,San Jose,California,USA
11,Breana Tutson,hajevbqemlumgno,Austin,Texas,USA
12,Alva Byam,pemhmyalmydwrnh,Jacksonville,Florida,USA
13,Sabra Lowy,ulbskmaeuxjarly,San Francisco,California,USA
14,Christa Favero,bbpixfcjuywmrwl,Indianapolis,Indiana,USA
15,Jamey Mckim,aziuwncmklrhqqu,Columbus,Ohio,USA
16,Barabara Schlemmer,netmasujlsazrdm,Fort Worth,Texas,USA
17,Karol Tibbets,duzsibzfismezgw,Charlotte,North Carolina,USA
18,Len Spadafora,djklaeqibxwnebp,Seattle,Washington,USA
19,Miguel Grego,rtcgbubiwemawru,Denver,Colorado,USA
20,Elissa Weatherholt,fcskpmrgzjjkbyw,El Paso,Texas,USA
21,Margarete Mabon,tpavkjnemfurgba,Detroit,Michigan,USA
22,Marylee Wadleigh,fdnnpfsdkvmgnwa,Washington,District of Columbia,USA
23,Numbers Gilpatrick,ybqjrlilguxlpkr,Boston,Massachusetts,USA
24,Gudrun Moscato,raglgpiqykqqaik,Memphis,Tennessee,USA
25,Ezra Armwood,zylzsuarczidiqa,Nashville,Tennessee,USA
26,Hiram Cratty,uqidefhwloqvyge,Portland,Oregon,USA
27,Lettie Tinkle,pysvyknrnofsikm,Oklahoma City,Oklahoma,USA
28,Hae Alfonso,tmzcrknumscukgz,Las Vegas,Nevada,USA
